[{
        "id": 1,
        "nom": "BEST SELLER",
        "produit": [{
                "id": 1,
                "nom": "fauteuil royal",
                "image": "images/chairD.png",
                "description": "chaise royale pour se croire comme dans un royaume",
                "prix": 350
            },
            {
                "id": 2,
                "nom": "fauteuil en bois",
                "image": "images/chair.png",
                "description": "chaise en bois pour se reposer",
                "prix": 250
            },
            {
                "id": 3,
                "nom": "fauteuil de salon",
                "image": "images/chairA.png",
                "description": "chaise de salon pour un salon classe",
                "prix": 450
            },
            {
                "id": 4,
                "nom": "fauteuil de trasse plate ",
                "image": "images/chairC.png",
                "description": "chaise de Terasse pour une terasse reposante",
                "prix": 250
            },
            {
                "id": 5,
                "nom": "fauteuil de terasse haute",
                "image": "images/chairE.png",
                "description": "chaise de Terasse haute pour se balancer",
                "prix": 284
            },
            {
                "id": 5,
                "nom": "fauteuil importé",
                "image": "images/chairZ.png",
                "description": "fauteil importé berge pour embellir votre salon",
                "prix": 284
            }
        ]
    },
    {
        "id": 2,
        "nom": "FEATURED",
        "produit": [{
                "id": 1,
                "nom": "Nike sport",
                "image": "images/nike.png",
                "description": "Nike sport rouge ",
                "prix": 350
            },
            {
                "id": 2,
                "nom": "Nike air",
                "image": "images/nike.png",
                "description": "Nike air noir",
                "prix": 250
            },
            {
                "id": 3,
                "nom": "addidas sport",
                "image": "images/nike.png",
                "description": "addidas sport couleur dégradé",
                "prix": 450
            },
            {
                "id": 4,
                "nom": "nike puissance",
                "image": "images/nike.png",
                "description": "nike puissance coleur sombre",
                "prix": 250
            },
            {
                "id": 5,
                "nom": "warach air",
                "image": "images/nike.png",
                "description": "warach air sport rouge noir",
                "prix": 334
            },
            {
                "id": 6,
                "nom": "ballérine haute",
                "image": "images/nike.png",
                "description": "ballérine haute rouge",
                "prix": 484
            },
            {
                "id": 7,
                "nom": "Talon glamour",
                "image": "images/nike.png",
                "description": "Talon glamour rose pour toutes vos sortie chic",
                "prix": 654
            },
            {
                "id": 7,
                "nom": "Talon rouge",
                "image": "images/nike.png",
                "description": "Talon rouge rester toujours fraiche",
                "prix": 453
            },
            {
                "id": 8,
                "nom": "Talon transparent",
                "image": "images/nike.png",
                "description": "Talon transparent glamour et chic",
                "prix": 453
            }
        ]
    },
    {
        "id": 3,
        "nom": "NEWEST",
        "produit": [{
                "id": 1,
                "nom": "chemise manche long ",
                "image": "images/chemise.png",
                "description": "chemise manche long rayé ",
                "prix": 239
            },
            {
                "id": 2,
                "nom": "robe rayé",
                "image": "images/robe.png",
                "description": "robe rayé blanc noir",
                "prix": 320
            },
            {
                "id": 3,
                "nom": "robe noir ",
                "image": "images/roubenoir.png",
                "description": "robe noir de soirée",
                "prix": 647
            },
            {
                "id": 4,
                "nom": "pull over gris",
                "image": "images/gris.png",
                "description": "pull over gris sans capuch",
                "prix": 346
            },
            {
                "id": 5,
                "nom": "robe blanche",
                "image": "images/robeblanche.png",
                "description": "robe blanche de mariage et de soirée",
                "prix": 454
            },

            {
                "id": 6,
                "nom": "casquette vuiton",
                "image": "images/vuiton.png",
                "description": "casquette vuiton toujours stylé",
                "prix": 578
            },
            {
                "id": 7,
                "nom": "sac Coco Chanel",
                "image": "images/sac.png",
                "description": "sac Coco Chanel pour toute vos sortie",
                "prix": 835
            },
            {
                "id": 8,
                "nom": "tee shirt",
                "image": "images/noir.png",
                "description": "tee shirt noir",
                "prix": 835
            },
            {
                "id": 9,
                "nom": "porte monnai gucci",
                "image": "images/gucci.png",
                "description": "porte monnai gucci toujours stylé ",
                "prix": 433
            }
        ]
    },
    {
        "id": 4,
        "nom": "MEN",
        "produit": [{
                "id": 1,
                "nom": "Iphone X",
                "image": "images/x.png",
                "description": "Iphone X 10Go Ram 250Go Rom ",
                "prix": 739
            },
            {
                "id": 2,
                "nom": "Samsung s7",
                "image": "images/sam.jpg",
                "description": "Samsung s7 8Go Ram 70Go Rom ",
                "prix": 620
            },
            {
                "id": 3,
                "nom": "Nexus E8",
                "image": "images/nexus.jpg",
                "description": "Nexus E8 2Go Ram 32Go Rom ",
                "prix": 320
            },
            {
                "id": 4,
                "nom": "LG E174",
                "image": "images/lg.jpg",
                "description": "LG E174 camera 12px 1Go Ram 12Go Rom ",
                "prix": 320
            },
            {
                "id": 5,
                "nom": "Macbook pro",
                "image": "images/macbook.jpg",
                "description": "Macbook Pro core I5 12Go RAM 1To ROM",
                "prix": 4840
            },
            {
                "id": 6,
                "nom": "Imac",
                "image": "images/imac.jpg",
                "description": "Imac  core I4 5Go RAM 5Go ROM",
                "prix": 3478
            }
        ]
    }

]